N,Nodos,Tiempo
500,100,0.000177
1000,100,0.000245
1500,100,0.000235
2000,100,0.000233
2500,100,0.000246
3000,100,0.000244
3500,100,0.000238
4000,100,0.000232
4500,100,0.000228
5000,100,0.000238
5500,100,0.000255
6000,100,0.000245
6500,100,0.000243
7000,100,0.000162
7500,100,0.00023
8000,100,0.000162
8500,100,0.000166
9000,100,0.000175
9500,100,0.000169
10000,100,0.000171
500,300,0.00019
1000,300,0.000239
1500,300,0.00017
2000,300,0.000236
2500,300,0.000153
3000,300,0.000164
3500,300,0.000163
4000,300,0.000162
4500,300,0.000178
5000,300,0.000247
5500,300,0.000228
6000,300,0.000161
6500,300,0.00016
7000,300,0.000164
7500,300,0.000162
8000,300,0.000166
8500,300,0.000168
9000,300,0.000164
9500,300,0.000234
10000,300,0.00023
500,500,0.00023
1000,500,0.000241
1500,500,0.000237
2000,500,0.000233
2500,500,0.000243
3000,500,0.00024
3500,500,0.000228
4000,500,0.000228
4500,500,0.000236
5000,500,0.000232
5500,500,0.000236
6000,500,0.000232
6500,500,0.000237
7000,500,0.000233
7500,500,0.000231
8000,500,0.000245
8500,500,0.000236
9000,500,0.000238
9500,500,0.000197
10000,500,0.000249
500,700,0.000232
1000,700,0.00017
1500,700,0.000194
2000,700,0.000196
2500,700,0.000165
3000,700,0.000169
3500,700,0.000167
4000,700,0.000173
4500,700,0.000217
5000,700,0.000189
5500,700,0.000165
6000,700,0.000167
6500,700,0.000193
7000,700,0.000169
7500,700,0.000168
8000,700,0.000168
8500,700,0.000171
9000,700,0.000166
9500,700,0.000184
10000,700,0.000168
500,900,0.000175
1000,900,0.000168
1500,900,0.000174
2000,900,0.000164
2500,900,0.000211
3000,900,0.00017
3500,900,0.000178
4000,900,0.000173
4500,900,0.000166
5000,900,0.000167
5500,900,0.000169
6000,900,0.000163
6500,900,0.000172
7000,900,0.000175
7500,900,0.000182
8000,900,0.00017
8500,900,0.000173
9000,900,0.000164
9500,900,0.000174
10000,900,0.000167
